キオクシア,285A,東P,"17,900",-835,-4.46,%,"633,729",ー,倍
アドテスト,6857,東P,"41,290",-560,-1.34,%,"585,222",45.2,倍
太陽誘電,6976,東P,"11,460",+325,+2.92,%,"406,042",52.3,倍
フジクラ,5803,東P,"5,700",-155,-2.65,%,"244,333",29.0,倍
ＳＢＧ,9984,東P,"6,310",+15,+0.24,%,"208,946",ー,倍
ディスコ,6146,東P,"61,380","-4,120",-6.29,%,"202,414",ー,倍
レーザーテク,6920,東P,"46,700",+150,+0.32,%,"189,490",46.5,倍
村田製,6981,東P,"8,683",-146,-1.65,%,"186,503",46.6,倍
日経レバ,1570,東Ｅ,"78,180","-1,510",-1.89,%,"163,864",ー,倍
古河電,5801,東P,"4,444",-46,-1.02,%,"135,877",29.8,倍
東エレク,8035,東P,"12,500",-305,-2.38,%,"132,041",ー,倍
サイバーセキ,4493,東G,"2,858",+240,+9.17,%,"129,266",33.2,倍
三菱ＵＦＪ,8306,東P,"3,622.0",-49.0,-1.33,%,"116,767",15.1,倍
イビデン,4062,東P,"12,270",-130,-1.05,%,"109,285",82.6,倍
ＪＸ金属,5016,東P,"3,797",-29,-0.76,%,"91,246",24.1,倍
ファストリ,9983,東P,"74,780",-810,-1.07,%,"82,848",45.9,倍
三菱重,7011,東P,"3,811",+24,+0.63,%,"70,504",33.7,倍
みずほＦＧ,8411,東P,"8,644",-213,-2.40,%,"65,204",14.9,倍
ニデック,6594,東P,"2,165",0,0.00,%,"62,560",24.8,倍
三井住友ＦＧ,8316,東P,"3,372.0",-57.0,-1.66,%,"61,840",15.0,倍
