キオクシア,285A,東P,"17,900",0,0.00,%,"737,652",ー,倍
アドテスト,6857,東P,"40,930",-360,-0.87,%,"531,218",44.8,倍
太陽誘電,6976,東P,"10,955",-505,-4.41,%,"346,902",50.0,倍
ＳＢＧ,9984,東P,"6,040",-270,-4.28,%,"231,161",ー,倍
レーザーテク,6920,東P,"46,610",-90,-0.19,%,"218,349",46.4,倍
村田製,6981,東P,"8,267",-416,-4.79,%,"174,116",44.3,倍
日経レバ,1570,東Ｅ,"76,020","-2,160",-2.76,%,"171,532",ー,倍
フジクラ,5803,東P,"5,512",-188,-3.30,%,"165,397",28.0,倍
三菱ＵＦＪ,8306,東P,"3,504.0",-118.0,-3.26,%,"130,423",14.6,倍
ディスコ,6146,東P,"61,140",-240,-0.39,%,"115,541",ー,倍
ティアフォー,593A,東G,"2,476",+341,+15.97,%,"113,086",ー,倍
東エレク,8035,東P,"12,190",-310,-2.48,%,"109,173",ー,倍
イビデン,4062,東P,"11,810",-460,-3.75,%,"96,461",79.5,倍
古河電,5801,東P,"4,220",-224,-5.04,%,"91,733",28.3,倍
みずほＦＧ,8411,東P,"8,350",-294,-3.40,%,"77,492",14.4,倍
リクルート,6098,東P,"17,200",+200,+1.18,%,"69,317",31.5,倍
ファストリ,9983,東P,"74,800",+20,+0.03,%,"69,113",41.0,倍
トヨタ,7203,東P,"2,902.0",+1.5,+0.05,%,"63,858",10.5,倍
三菱重,7011,東P,"3,680",-131,-3.44,%,"63,477",32.6,倍
三井住友ＦＧ,8316,東P,"3,297.0",-75.0,-2.22,%,"59,800",14.7,倍
